{
  "bonus_chest": false,
  "dimensions": {
    "minecraft:overworld": {
      "type": "minecraft:overworld",
      "generator": {
        "biome_source": {
          "biome": "byg:mojave_desert",
          "type": "minecraft:fixed"
        },
        "seed": -6468483336699931191,
        "settings": "minecraft:overworld",
        "type": "minecraft:noise"
      }
    },
    "minecraft:the_nether": {
      "type": "minecraft:the_nether",
      "generator": {
        "biome_source": {
          "seed": -6468483336699931191,
          "type": "byg:bygnether"
        },
        "seed": -6468483336699931191,
        "settings": "minecraft:nether",
        "type": "minecraft:noise"
      }
    },
    "minecraft:the_end": {
      "type": "minecraft:the_end",
      "generator": {
        "biome_source": {
          "seed": -6468483336699931191,
          "type": "byg:bygend"
        },
        "seed": -6468483336699931191,
        "settings": "minecraft:end",
        "type": "minecraft:noise"
      }
    },
    "lostcities:lostcity": {
      "type": "lostcities:lostcity",
      "generator": {
        "biome_source": {
          "seed": 0,
          "large_biomes": false,
          "type": "minecraft:vanilla_layered"
        },
        "seed": 0,
        "settings": "minecraft:overworld",
        "type": "minecraft:noise"
      }
    },
    "fallout_wastelands:wasteland": {
      "type": "fallout_wastelands:wasteland",
      "generator": {
        "biome_source": {
          "humidity_noise": {
            "firstOctave": -6,
            "amplitudes": [
              2.0,
              2.0
            ]
          },
          "altitude_noise": {
            "firstOctave": -6,
            "amplitudes": [
              2.0,
              2.0
            ]
          },
          "weirdness_noise": {
            "firstOctave": -6,
            "amplitudes": [
              2.0,
              2.0
            ]
          },
          "seed": 1715716591864440983,
          "biomes": [
            {
              "parameters": {
                "altitude": 0.75,
                "weirdness": -1.5,
                "offset": 0.0,
                "temperature": 1.0,
                "humidity": -1.0
              },
              "biome": "fallout_wastelands:capitalwastelandeast"
            },
            {
              "parameters": {
                "altitude": -0.75,
                "weirdness": 1.5,
                "offset": 0.0,
                "temperature": 0.6,
                "humidity": -0.6
              },
              "biome": "fallout_wastelands:wastelandforest"
            },
            {
              "parameters": {
                "altitude": 0.75,
                "weirdness": -1.5,
                "offset": 0.0,
                "temperature": 0.2,
                "humidity": -0.2
              },
              "biome": "fallout_wastelands:wastlandsanddesert"
            },
            {
              "parameters": {
                "altitude": -0.75,
                "weirdness": 1.5,
                "offset": 0.0,
                "temperature": -0.2,
                "humidity": 0.2
              },
              "biome": "fallout_wastelands:capitalwasteland"
            },
            {
              "parameters": {
                "altitude": 0.75,
                "weirdness": -1.5,
                "offset": 0.0,
                "temperature": -0.6,
                "humidity": 0.6
              },
              "biome": "fallout_wastelands:theglow"
            },
            {
              "parameters": {
                "altitude": -0.75,
                "weirdness": 1.5,
                "offset": 0.0,
                "temperature": -1.0,
                "humidity": 1.0
              },
              "biome": "fallout_wastelands:desertwastland"
            }
          ],
          "temperature_noise": {
            "firstOctave": -6,
            "amplitudes": [
              2.0,
              2.0
            ]
          },
          "type": "minecraft:multi_noise"
        },
        "seed": 1715716591864440983,
        "settings": {
          "bedrock_roof_position": -10,
          "bedrock_floor_position": 0,
          "sea_level": 63,
          "disable_mob_generation": false,
          "structures": {
            "structures": {
              "minecraft:bastion_remnant": {
                "spacing": 27,
                "separation": 4,
                "salt": 30084232
              },
              "minecraft:buried_treasure": {
                "spacing": 1,
                "separation": 0,
                "salt": 0
              },
              "minecraft:desert_pyramid": {
                "spacing": 32,
                "separation": 8,
                "salt": 14357617
              },
              "minecraft:endcity": {
                "spacing": 20,
                "separation": 11,
                "salt": 10387313
              },
              "minecraft:fortress": {
                "spacing": 27,
                "separation": 4,
                "salt": 30084232
              },
              "minecraft:igloo": {
                "spacing": 32,
                "separation": 8,
                "salt": 14357618
              },
              "minecraft:jungle_pyramid": {
                "spacing": 32,
                "separation": 8,
                "salt": 14357619
              },
              "minecraft:mansion": {
                "spacing": 80,
                "separation": 20,
                "salt": 10387319
              },
              "minecraft:mineshaft": {
                "spacing": 1,
                "separation": 0,
                "salt": 0
              },
              "minecraft:monument": {
                "spacing": 32,
                "separation": 5,
                "salt": 10387313
              },
              "minecraft:nether_fossil": {
                "spacing": 2,
                "separation": 1,
                "salt": 14357921
              },
              "minecraft:ocean_ruin": {
                "spacing": 20,
                "separation": 8,
                "salt": 14357621
              },
              "minecraft:pillager_outpost": {
                "spacing": 32,
                "separation": 8,
                "salt": 165745296
              },
              "minecraft:ruined_portal": {
                "spacing": 40,
                "separation": 15,
                "salt": 34222645
              },
              "minecraft:shipwreck": {
                "spacing": 24,
                "separation": 4,
                "salt": 165745295
              },
              "minecraft:stronghold": {
                "spacing": 1,
                "separation": 0,
                "salt": 0
              },
              "minecraft:swamp_hut": {
                "spacing": 32,
                "separation": 8,
                "salt": 14357620
              },
              "minecraft:village": {
                "spacing": 32,
                "separation": 8,
                "salt": 10387312
              }
            }
          },
          "noise": {
            "random_density_offset": true,
            "density_factor": 1.0,
            "density_offset": -0.46875,
            "simplex_surface_noise": true,
            "bottom_slide": {
              "target": -30,
              "size": 0,
              "offset": 0
            },
            "size_horizontal": 1,
            "size_vertical": 2,
            "height": 256,
            "sampling": {
              "xz_scale": 1.0,
              "y_scale": 1.0,
              "xz_factor": 80.0,
              "y_factor": 160.0
            },
            "top_slide": {
              "target": -10,
              "size": 3,
              "offset": 0
            }
          },
          "default_block": {
            "Name": "fallout_wastelands:wastlandstone"
          },
          "default_fluid": {
            "Properties": {
              "level": "0"
            },
            "Name": "minecraft:water"
          }
        },
        "type": "minecraft:noise"
      }
    }
  },
  "seed": -6468483336699931191,
  "generate_features": true
}